dijkstra_time_ms,astar_time_ms,dijkstra_dist_m,astar_dist_m,speedup_A*_vs_Dijkstra,eficiencia,dijkstra_precision,dijkstra_recall,dijkstra_f1,astar_precision,astar_recall,astar_f1,origen,destino
196.32379998802207,149.50110000791028,5081.987397138032,5928.315042422415,1.3131930131459524,1.3131930131459524,1.0,1.0,1.0,0.17647058823529413,0.22641509433962265,0.19834710743801656,A,B
490.8036000269931,91.67139997589402,16176.059203966402,19442.118224498558,5.353944634379481,5.353944634379481,1.0,1.0,1.0,0.28104575163398693,0.24293785310734464,0.2606060606060606,B,C
