dijkstra_time_ms,astar_time_ms,dijkstra_dist_m,astar_dist_m,speedup_A*_vs_Dijkstra,eficiencia,dijkstra_precision,dijkstra_recall,dijkstra_f1,astar_precision,astar_recall,astar_f1,origen,destino
727.2094000363722,168.52140001719818,14058.823311676057,19374.486292066224,4.315234741475908,4.315234741475908,1.0,1.0,1.0,0.07857142857142857,0.102803738317757,0.08906882591093117,A,B
630.5185999954119,213.37289997609332,13264.655545708698,19697.16782645933,2.9550078761926017,2.9550078761926017,1.0,1.0,1.0,0.052941176470588235,0.06206896551724138,0.05714285714285715,B,C
252.829400007613,242.49460001010448,4773.390371120308,5509.741352843642,1.0426186809812585,1.0426186809812585,1.0,1.0,1.0,0.09090909090909091,0.13333333333333333,0.10810810810810811,C,D
